<TextureAtlas imagePath="spritesheet_characters.png">
	<SubTexture name="man.png" x="25" y="30" width="9" height="15"/>
	<SubTexture name="man_convertible.png" x="16" y="39" width="7" height="7"/>
	<SubTexture name="man_cycle.png" x="34" y="30" width="8" height="15"/>
	<SubTexture name="man_down.png" x="0" y="4" width="15" height="5"/>
	<SubTexture name="man_fall.png" x="13" y="24" width="12" height="15"/>
	<SubTexture name="man_kart.png" x="8" y="39" width="8" height="10"/>
	<SubTexture name="man_point.png" x="0" y="24" width="13" height="15"/>
	<SubTexture name="man_walk1.png" x="36" y="15" width="7" height="15"/>
	<SubTexture name="man_walk2.png" x="25" y="0" width="11" height="15"/>
	<SubTexture name="woman.png" x="42" y="30" width="7" height="15"/>
	<SubTexture name="woman_convertible.png" x="15" y="0" width="7" height="7"/>
	<SubTexture name="woman_cycle.png" x="36" y="0" width="8" height="15"/>
	<SubTexture name="woman_down.png" x="0" y="0" width="15" height="4"/>
	<SubTexture name="woman_fall.png" x="13" y="9" width="12" height="15"/>
	<SubTexture name="woman_kart.png" x="0" y="39" width="8" height="10"/>
	<SubTexture name="woman_point.png" x="0" y="9" width="13" height="15"/>
	<SubTexture name="woman_walk1.png" x="43" y="15" width="6" height="15"/>
	<SubTexture name="woman_walk2.png" x="25" y="15" width="11" height="15"/>
</TextureAtlas>