<TextureAtlas imagePath="spritesheet_cars.png">
	<SubTexture name="ambulance.png" x="59" y="24" width="38" height="21"/>
	<SubTexture name="buggy.png" x="154" y="160" width="23" height="14"/>
	<SubTexture name="bus.png" x="0" y="113" width="45" height="21"/>
	<SubTexture name="bus_school.png" x="0" y="92" width="46" height="21"/>
	<SubTexture name="convertible.png" x="122" y="97" width="32" height="13"/>
	<SubTexture name="cycle.png" x="103" y="12" width="16" height="10"/>
	<SubTexture name="cycle_low.png" x="66" y="175" width="16" height="8"/>
	<SubTexture name="firetruck.png" x="44" y="154" width="44" height="21"/>
	<SubTexture name="formula.png" x="97" y="22" width="33" height="9"/>
	<SubTexture name="hotdog.png" x="47" y="72" width="40" height="29"/>
	<SubTexture name="kart.png" x="44" y="175" width="22" height="8"/>
	<SubTexture name="police.png" x="88" y="147" width="33" height="14"/>
	<SubTexture name="riot.png" x="45" y="113" width="40" height="21"/>
	<SubTexture name="rounded_green.png" x="122" y="42" width="32" height="13"/>
	<SubTexture name="rounded_red.png" x="122" y="110" width="31" height="12"/>
	<SubTexture name="rounded_yellow.png" x="118" y="134" width="33" height="11"/>
	<SubTexture name="scooter.png" x="121" y="174" width="15" height="9"/>
	<SubTexture name="sedan.png" x="130" y="28" width="29" height="13"/>
	<SubTexture name="sedan_blue.png" x="153" y="70" width="29" height="13"/>
	<SubTexture name="sedan_vintage.png" x="82" y="134" width="36" height="13"/>
	<SubTexture name="sports_convertible.png" x="119" y="122" width="33" height="11"/>
	<SubTexture name="sports_green.png" x="122" y="70" width="29" height="11"/>
	<SubTexture name="sports_race.png" x="85" y="122" width="34" height="12"/>
	<SubTexture name="sports_red.png" x="103" y="0" width="33" height="12"/>
	<SubTexture name="sports_yellow.png" x="97" y="31" width="33" height="11"/>
	<SubTexture name="station.png" x="87" y="81" width="34" height="13"/>
	<SubTexture name="suv.png" x="122" y="55" width="31" height="15"/>
	<SubTexture name="suv_closed.png" x="154" y="83" width="28" height="15"/>
	<SubTexture name="suv_green.png" x="153" y="55" width="30" height="15"/>
	<SubTexture name="suv_large.png" x="121" y="159" width="33" height="15"/>
	<SubTexture name="suv_military.png" x="154" y="98" width="28" height="14"/>
	<SubTexture name="suv_travel.png" x="121" y="81" width="32" height="16"/>
	<SubTexture name="taxi.png" x="121" y="145" width="33" height="14"/>
	<SubTexture name="towtruck.png" x="0" y="134" width="45" height="20"/>
	<SubTexture name="tractor.png" x="154" y="142" width="24" height="18"/>
	<SubTexture name="transport.png" x="87" y="64" width="35" height="17"/>
	<SubTexture name="truck.png" x="0" y="24" width="59" height="24"/>
	<SubTexture name="truck_trailer.png" x="0" y="48" width="48" height="24"/>
	<SubTexture name="truckcabin.png" x="48" y="48" width="39" height="24"/>
	<SubTexture name="truckcabin_vintage.png" x="152" y="122" width="30" height="20"/>
	<SubTexture name="truckdark.png" x="85" y="101" width="37" height="21"/>
	<SubTexture name="truckdelivery.png" x="0" y="154" width="44" height="24"/>
	<SubTexture name="trucktank.png" x="0" y="0" width="65" height="24"/>
	<SubTexture name="trucktank_trailer.png" x="0" y="72" width="47" height="20"/>
	<SubTexture name="van.png" x="88" y="161" width="33" height="17"/>
	<SubTexture name="van_flat.png" x="45" y="134" width="37" height="17"/>
	<SubTexture name="van_large.png" x="87" y="45" width="35" height="19"/>
	<SubTexture name="van_small.png" x="130" y="12" width="31" height="16"/>
	<SubTexture name="vendor.png" x="65" y="0" width="38" height="22"/>
	<SubTexture name="vintage.png" x="46" y="101" width="36" height="12"/>
</TextureAtlas>